<?xml version="1.0" ?>
<!-- =================================================================================== -->
<!-- |    This document was autogenerated by xacro from huboplus.xacro                 | -->
<!-- |    EDITING THIS FILE BY HAND IS NOT RECOMMENDED                                 | -->
<!-- =================================================================================== -->
<robot name="huboplus" xmlns:xacro="http://www.ros.org/wiki/xacro">
  <link name="Body_Torso">
    <inertial>
      <mass value="7.50334"/>
      <inertia ixx="0.102019" ixy="2.45462e-05" ixz="0.00713022" iyy="0.0832724" iyz="-0.00131733" izz="0.086493"/>
      <origin xyz="0 0 0"/>
    </inertial>
    <visual>
      <geometry>
        <mesh filename="package://hubo_ros_visualization/descriptions/huboplus/dae/Body_Torso_vis.dae"/>
      </geometry>
      <material name="random">
        <color rgba="0.800000 0.800000 0.500000 1"/>
      </material>
    </visual>
    <collision>
      <geometry>
        <mesh filename="package://hubo_ros_visualization/descriptions/huboplus/dae/Body_Torso_col.dae"/>
      </geometry>
    </collision>
  </link>
  <link name="Body_HNR">
</link>
  <link name="Body_HNP">
    <inertial>
      <mass value="0.374251"/>
      <inertia ixx="0.00164033" ixy="-1.08171e-07" ixz="-9.53978e-05" iyy="0.00153943" iyz="1.25376e-06" izz="0.00190393"/>
      <origin xyz="0.0106886 -3.00864e-05 0.032123"/>
    </inertial>
    <visual>
      <geometry>
        <mesh filename="package://hubo_ros_visualization/descriptions/huboplus/dae/Body_HNP_vis.dae"/>
      </geometry>
      <material name="random">
        <color rgba="0.800000 0.800000 0.500000 1"/>
      </material>
    </visual>
    <collision>
      <geometry>
        <mesh filename="package://hubo_ros_visualization/descriptions/huboplus/dae/Body_HNP_col.dae"/>
      </geometry>
    </collision>
  </link>
  <link name="Body_LSP">
    <inertial>
      <mass value="0.646655"/>
      <inertia ixx="0.000893731" ixy="-0.000156484" ixz="4.98007e-07" iyy="0.00093016" iyz="1.57095e-07" izz="0.00124323"/>
      <origin xyz="0.0167207 0.0570407 9.91873e-06"/>
    </inertial>
    <visual>
      <geometry>
        <mesh filename="package://hubo_ros_visualization/descriptions/huboplus/dae/Body_LSP_vis.dae"/>
      </geometry>
      <material name="random">
        <color rgba="0.800000 0.800000 0.500000 1"/>
      </material>
    </visual>
    <collision>
      <geometry>
        <mesh filename="package://hubo_ros_visualization/descriptions/huboplus/dae/Body_LSP_col.dae"/>
      </geometry>
    </collision>
  </link>
  <link name="Body_LSR">
    <inertial>
      <mass value="0.413368"/>
      <inertia ixx="0.000269283" ixy="4.52571e-07" ixz="3.23662e-06" iyy="0.00037679" iyz="9.93935e-07" izz="0.000360355"/>
      <origin xyz="-0.036208 -8.31243e-05 -0.00126685"/>
    </inertial>
    <visual>
      <geometry>
        <mesh filename="package://hubo_ros_visualization/descriptions/huboplus/dae/Body_LSR_vis.dae"/>
      </geometry>
      <material name="random">
        <color rgba="0.800000 0.800000 0.500000 1"/>
      </material>
    </visual>
    <collision>
      <geometry>
        <mesh filename="package://hubo_ros_visualization/descriptions/huboplus/dae/Body_LSR_col.dae"/>
      </geometry>
    </collision>
  </link>
  <link name="Body_LSY">
    <inertial>
      <mass value="1.15461"/>
      <inertia ixx="0.00365479" ixy="2.05436e-06" ixz="0.000418448" iyy="0.00364731" iyz="-3.09648e-05" izz="0.00060633"/>
      <origin xyz="0.00456121 3.10576e-05 -0.0907824"/>
    </inertial>
    <visual>
      <geometry>
        <mesh filename="package://hubo_ros_visualization/descriptions/huboplus/dae/Body_LSY_vis.dae"/>
      </geometry>
      <material name="random">
        <color rgba="0.800000 0.800000 0.500000 1"/>
      </material>
    </visual>
    <collision>
      <geometry>
        <mesh filename="package://hubo_ros_visualization/descriptions/huboplus/dae/Body_LSY_col.dae"/>
      </geometry>
    </collision>
  </link>
  <link name="Body_LEP">
    <inertial>
      <mass value="0.44094"/>
      <inertia ixx="0.0005027" ixy="3.64587e-06" ixz="-1.41388e-05" iyy="0.00049415" iyz="7.65528e-06" izz="0.000131786"/>
      <origin xyz="-0.0217349 0.0178314 -0.0610873"/>
    </inertial>
    <visual>
      <geometry>
        <mesh filename="package://hubo_ros_visualization/descriptions/huboplus/dae/Body_LEP_vis.dae"/>
      </geometry>
      <material name="random">
        <color rgba="0.800000 0.800000 0.500000 1"/>
      </material>
    </visual>
    <collision>
      <geometry>
        <mesh filename="package://hubo_ros_visualization/descriptions/huboplus/dae/Body_LEP_col.dae"/>
      </geometry>
    </collision>
  </link>
  <link name="Body_LWY">
    <inertial>
      <mass value="0.537738"/>
      <inertia ixx="0.00063457" ixy="-4.62486e-07" ixz="6.20682e-06" iyy="0.000563918" iyz="3.54044e-05" izz="0.000305422"/>
      <origin xyz="-0.00122019 0.000635233 -0.0238043"/>
    </inertial>
    <visual>
      <geometry>
        <mesh filename="package://hubo_ros_visualization/descriptions/huboplus/dae/Body_LWY_vis.dae"/>
      </geometry>
      <material name="random">
        <color rgba="0.800000 0.800000 0.500000 1"/>
      </material>
    </visual>
    <collision>
      <geometry>
        <mesh filename="package://hubo_ros_visualization/descriptions/huboplus/dae/Body_LWY_col.dae"/>
      </geometry>
    </collision>
  </link>
  <link name="Body_LWP">
    <inertial>
      <mass value="0.164393"/>
      <inertia ixx="9.74327e-05" ixy="-5.22155e-07" ixz="-1.17317e-06" iyy="0.000144494" iyz="9.4927e-06" izz="0.000122681"/>
      <origin xyz="-0.000258199 0.011442 -0.0461472"/>
    </inertial>
    <visual>
      <geometry>
        <mesh filename="package://hubo_ros_visualization/descriptions/huboplus/dae/Body_LWP_vis.dae"/>
      </geometry>
      <material name="random">
        <color rgba="0.800000 0.800000 0.500000 1"/>
      </material>
    </visual>
    <collision>
      <geometry>
        <mesh filename="package://hubo_ros_visualization/descriptions/huboplus/dae/Body_LWP_col.dae"/>
      </geometry>
    </collision>
  </link>
  <link name="leftThumbProximal">
    <inertial>
      <mass value="0.096"/>
      <inertia ixx="2.304e-06" ixy="0" ixz="0" iyy="8.96e-06" iyz="6.85949e-15" izz="9.216e-06"/>
      <origin xyz="0.024 0 0"/>
    </inertial>
    <visual>
      <geometry>
        <mesh filename="package://hubo_ros_visualization/descriptions/huboplus/dae/leftThumbProximal_vis.dae"/>
      </geometry>
      <material name="random">
        <color rgba="0.800000 0.800000 0.500000 1"/>
      </material>
    </visual>
    <collision>
      <geometry>
        <mesh filename="package://hubo_ros_visualization/descriptions/huboplus/dae/leftThumbProximal_vis.dae"/>
      </geometry>
    </collision>
  </link>
  <link name="leftThumbMedial">
    <inertial>
      <mass value="0.048"/>
      <inertia ixx="1.152e-06" ixy="0" ixz="0" iyy="2.59e-06" iyz="3.42975e-15" izz="2.718e-06"/>
      <origin xyz="0.0165 0 0"/>
    </inertial>
    <visual>
      <geometry>
        <mesh filename="package://hubo_ros_visualization/descriptions/huboplus/dae/leftThumbMedial_vis.dae"/>
      </geometry>
      <material name="random">
        <color rgba="0.800000 0.800000 0.500000 1"/>
      </material>
    </visual>
    <collision>
      <geometry>
        <mesh filename="package://hubo_ros_visualization/descriptions/huboplus/dae/leftThumbMedial_vis.dae"/>
      </geometry>
    </collision>
  </link>
  <link name="leftThumbDistal">
    <inertial>
      <mass value="0.08"/>
      <inertia ixx="1.92e-06" ixy="0" ixz="0" iyy="3.82667e-06" iyz="5.71624e-15" izz="4.04e-06"/>
      <origin xyz="0.015 0 0"/>
    </inertial>
    <visual>
      <geometry>
        <mesh filename="package://hubo_ros_visualization/descriptions/huboplus/dae/leftThumbDistal_vis.dae"/>
      </geometry>
      <material name="random">
        <color rgba="0.800000 0.800000 0.500000 1"/>
      </material>
    </visual>
    <collision>
      <geometry>
        <mesh filename="package://hubo_ros_visualization/descriptions/huboplus/dae/leftThumbDistal_vis.dae"/>
      </geometry>
    </collision>
  </link>
  <link name="leftPinkyProximal">
    <inertial>
      <mass value="0.096"/>
      <inertia ixx="2.304e-06" ixy="0" ixz="0" iyy="8.96e-06" iyz="6.85949e-15" izz="9.216e-06"/>
      <origin xyz="0.024 0 0"/>
    </inertial>
    <visual>
      <geometry>
        <mesh filename="package://hubo_ros_visualization/descriptions/huboplus/dae/leftPinkyProximal_vis.dae"/>
      </geometry>
      <material name="random">
        <color rgba="0.800000 0.800000 0.500000 1"/>
      </material>
    </visual>
    <collision>
      <geometry>
        <mesh filename="package://hubo_ros_visualization/descriptions/huboplus/dae/leftPinkyProximal_vis.dae"/>
      </geometry>
    </collision>
  </link>
  <link name="leftPinkyMedial">
    <inertial>
      <mass value="0.048"/>
      <inertia ixx="1.152e-06" ixy="0" ixz="0" iyy="2.59e-06" iyz="3.42975e-15" izz="2.718e-06"/>
      <origin xyz="0.0165 0 0"/>
    </inertial>
    <visual>
      <geometry>
        <mesh filename="package://hubo_ros_visualization/descriptions/huboplus/dae/leftPinkyMedial_vis.dae"/>
      </geometry>
      <material name="random">
        <color rgba="0.800000 0.800000 0.500000 1"/>
      </material>
    </visual>
    <collision>
      <geometry>
        <mesh filename="package://hubo_ros_visualization/descriptions/huboplus/dae/leftPinkyMedial_vis.dae"/>
      </geometry>
    </collision>
  </link>
  <link name="leftPinkyDistal">
    <inertial>
      <mass value="0.08"/>
      <inertia ixx="1.92e-06" ixy="0" ixz="0" iyy="3.82667e-06" iyz="5.71624e-15" izz="4.04e-06"/>
      <origin xyz="0.015 0 0"/>
    </inertial>
    <visual>
      <geometry>
        <mesh filename="package://hubo_ros_visualization/descriptions/huboplus/dae/leftPinkyDistal_vis.dae"/>
      </geometry>
      <material name="random">
        <color rgba="0.800000 0.800000 0.500000 1"/>
      </material>
    </visual>
    <collision>
      <geometry>
        <mesh filename="package://hubo_ros_visualization/descriptions/huboplus/dae/leftPinkyDistal_vis.dae"/>
      </geometry>
    </collision>
  </link>
  <link name="leftRingProximal">
    <inertial>
      <mass value="0.096"/>
      <inertia ixx="2.304e-06" ixy="0" ixz="0" iyy="8.96e-06" iyz="6.85949e-15" izz="9.216e-06"/>
      <origin xyz="0.024 0 0"/>
    </inertial>
    <visual>
      <geometry>
        <mesh filename="package://hubo_ros_visualization/descriptions/huboplus/dae/leftRingProximal_vis.dae"/>
      </geometry>
      <material name="random">
        <color rgba="0.800000 0.800000 0.500000 1"/>
      </material>
    </visual>
    <collision>
      <geometry>
        <mesh filename="package://hubo_ros_visualization/descriptions/huboplus/dae/leftRingProximal_vis.dae"/>
      </geometry>
    </collision>
  </link>
  <link name="leftRingMedial">
    <inertial>
      <mass value="0.048"/>
      <inertia ixx="1.152e-06" ixy="0" ixz="0" iyy="2.59e-06" iyz="3.42975e-15" izz="2.718e-06"/>
      <origin xyz="0.0165 0 0"/>
    </inertial>
    <visual>
      <geometry>
        <mesh filename="package://hubo_ros_visualization/descriptions/huboplus/dae/leftRingMedial_vis.dae"/>
      </geometry>
      <material name="random">
        <color rgba="0.800000 0.800000 0.500000 1"/>
      </material>
    </visual>
    <collision>
      <geometry>
        <mesh filename="package://hubo_ros_visualization/descriptions/huboplus/dae/leftRingMedial_vis.dae"/>
      </geometry>
    </collision>
  </link>
  <link name="leftRingDistal">
    <inertial>
      <mass value="0.08"/>
      <inertia ixx="1.92e-06" ixy="0" ixz="0" iyy="3.82667e-06" iyz="5.71624e-15" izz="4.04e-06"/>
      <origin xyz="0.015 0 0"/>
    </inertial>
    <visual>
      <geometry>
        <mesh filename="package://hubo_ros_visualization/descriptions/huboplus/dae/leftRingDistal_vis.dae"/>
      </geometry>
      <material name="random">
        <color rgba="0.800000 0.800000 0.500000 1"/>
      </material>
    </visual>
    <collision>
      <geometry>
        <mesh filename="package://hubo_ros_visualization/descriptions/huboplus/dae/leftRingDistal_vis.dae"/>
      </geometry>
    </collision>
  </link>
  <link name="leftMiddleProximal">
    <inertial>
      <mass value="0.096"/>
      <inertia ixx="2.304e-06" ixy="0" ixz="0" iyy="8.96e-06" iyz="6.85949e-15" izz="9.216e-06"/>
      <origin xyz="0.024 0 0"/>
    </inertial>
    <visual>
      <geometry>
        <mesh filename="package://hubo_ros_visualization/descriptions/huboplus/dae/leftMiddleProximal_vis.dae"/>
      </geometry>
      <material name="random">
        <color rgba="0.800000 0.800000 0.500000 1"/>
      </material>
    </visual>
    <collision>
      <geometry>
        <mesh filename="package://hubo_ros_visualization/descriptions/huboplus/dae/leftMiddleProximal_vis.dae"/>
      </geometry>
    </collision>
  </link>
  <link name="leftMiddleMedial">
    <inertial>
      <mass value="0.048"/>
      <inertia ixx="1.152e-06" ixy="0" ixz="0" iyy="2.59e-06" iyz="3.42975e-15" izz="2.718e-06"/>
      <origin xyz="0.0165 0 0"/>
    </inertial>
    <visual>
      <geometry>
        <mesh filename="package://hubo_ros_visualization/descriptions/huboplus/dae/leftMiddleMedial_vis.dae"/>
      </geometry>
      <material name="random">
        <color rgba="0.800000 0.800000 0.500000 1"/>
      </material>
    </visual>
    <collision>
      <geometry>
        <mesh filename="package://hubo_ros_visualization/descriptions/huboplus/dae/leftMiddleMedial_vis.dae"/>
      </geometry>
    </collision>
  </link>
  <link name="leftMiddleDistal">
    <inertial>
      <mass value="0.08"/>
      <inertia ixx="1.92e-06" ixy="0" ixz="0" iyy="3.82667e-06" iyz="5.71624e-15" izz="4.04e-06"/>
      <origin xyz="0.015 0 0"/>
    </inertial>
    <visual>
      <geometry>
        <mesh filename="package://hubo_ros_visualization/descriptions/huboplus/dae/leftMiddleDistal_vis.dae"/>
      </geometry>
      <material name="random">
        <color rgba="0.800000 0.800000 0.500000 1"/>
      </material>
    </visual>
    <collision>
      <geometry>
        <mesh filename="package://hubo_ros_visualization/descriptions/huboplus/dae/leftMiddleDistal_vis.dae"/>
      </geometry>
    </collision>
  </link>
  <link name="leftIndexProximal">
    <inertial>
      <mass value="0.096"/>
      <inertia ixx="2.304e-06" ixy="0" ixz="0" iyy="8.96e-06" iyz="6.85949e-15" izz="9.216e-06"/>
      <origin xyz="0.024 0 0"/>
    </inertial>
    <visual>
      <geometry>
        <mesh filename="package://hubo_ros_visualization/descriptions/huboplus/dae/leftIndexProximal_vis.dae"/>
      </geometry>
      <material name="random">
        <color rgba="0.800000 0.800000 0.500000 1"/>
      </material>
    </visual>
    <collision>
      <geometry>
        <mesh filename="package://hubo_ros_visualization/descriptions/huboplus/dae/leftIndexProximal_vis.dae"/>
      </geometry>
    </collision>
  </link>
  <link name="leftIndexMedial">
    <inertial>
      <mass value="0.048"/>
      <inertia ixx="1.152e-06" ixy="0" ixz="0" iyy="2.59e-06" iyz="3.42975e-15" izz="2.718e-06"/>
      <origin xyz="0.0165 0 0"/>
    </inertial>
    <visual>
      <geometry>
        <mesh filename="package://hubo_ros_visualization/descriptions/huboplus/dae/leftIndexMedial_vis.dae"/>
      </geometry>
      <material name="random">
        <color rgba="0.800000 0.800000 0.500000 1"/>
      </material>
    </visual>
    <collision>
      <geometry>
        <mesh filename="package://hubo_ros_visualization/descriptions/huboplus/dae/leftIndexMedial_vis.dae"/>
      </geometry>
    </collision>
  </link>
  <link name="leftIndexDistal">
    <inertial>
      <mass value="0.08"/>
      <inertia ixx="1.92e-06" ixy="0" ixz="0" iyy="3.82667e-06" iyz="5.71624e-15" izz="4.04e-06"/>
      <origin xyz="0.015 0 0"/>
    </inertial>
    <visual>
      <geometry>
        <mesh filename="package://hubo_ros_visualization/descriptions/huboplus/dae/leftIndexDistal_vis.dae"/>
      </geometry>
      <material name="random">
        <color rgba="0.800000 0.800000 0.500000 1"/>
      </material>
    </visual>
    <collision>
      <geometry>
        <mesh filename="package://hubo_ros_visualization/descriptions/huboplus/dae/leftIndexDistal_vis.dae"/>
      </geometry>
    </collision>
  </link>
  <link name="Body_RSP">
    <inertial>
      <mass value="0.646655"/>
      <inertia ixx="0.000893731" ixy="0.000156484" ixz="4.98007e-07" iyy="0.00093016" iyz="-1.57095e-07" izz="0.00124323"/>
      <origin xyz="0.0167207 -0.0570407 9.91873e-06"/>
    </inertial>
    <visual>
      <geometry>
        <mesh filename="package://hubo_ros_visualization/descriptions/huboplus/dae/Body_RSP_vis.dae"/>
      </geometry>
      <material name="random">
        <color rgba="0.800000 0.800000 0.500000 1"/>
      </material>
    </visual>
    <collision>
      <geometry>
        <mesh filename="package://hubo_ros_visualization/descriptions/huboplus/dae/Body_RSP_col.dae"/>
      </geometry>
    </collision>
  </link>
  <link name="Body_RSR">
    <inertial>
      <mass value="0.413368"/>
      <inertia ixx="0.000269283" ixy="-4.52571e-07" ixz="3.23662e-06" iyy="0.00037679" iyz="-9.93935e-07" izz="0.000360355"/>
      <origin xyz="-0.036208 8.31243e-05 -0.00126685"/>
    </inertial>
    <visual>
      <geometry>
        <mesh filename="package://hubo_ros_visualization/descriptions/huboplus/dae/Body_RSR_vis.dae"/>
      </geometry>
      <material name="random">
        <color rgba="0.800000 0.800000 0.500000 1"/>
      </material>
    </visual>
    <collision>
      <geometry>
        <mesh filename="package://hubo_ros_visualization/descriptions/huboplus/dae/Body_RSR_col.dae"/>
      </geometry>
    </collision>
  </link>
  <link name="Body_RSY">
    <inertial>
      <mass value="1.15461"/>
      <inertia ixx="0.00365479" ixy="-2.05436e-06" ixz="0.000418448" iyy="0.00364731" iyz="3.09648e-05" izz="0.00060633"/>
      <origin xyz="0.00456121 -3.10576e-05 -0.0907824"/>
    </inertial>
    <visual>
      <geometry>
        <mesh filename="package://hubo_ros_visualization/descriptions/huboplus/dae/Body_RSY_vis.dae"/>
      </geometry>
      <material name="random">
        <color rgba="0.800000 0.800000 0.500000 1"/>
      </material>
    </visual>
    <collision>
      <geometry>
        <mesh filename="package://hubo_ros_visualization/descriptions/huboplus/dae/Body_RSY_col.dae"/>
      </geometry>
    </collision>
  </link>
  <link name="Body_REP">
    <inertial>
      <mass value="0.44094"/>
      <inertia ixx="0.0005027" ixy="-3.64587e-06" ixz="-1.41388e-05" iyy="0.00049415" iyz="-7.65528e-06" izz="0.000131786"/>
      <origin xyz="-0.0217349 -0.0178314 -0.0610873"/>
    </inertial>
    <visual>
      <geometry>
        <mesh filename="package://hubo_ros_visualization/descriptions/huboplus/dae/Body_REP_vis.dae"/>
      </geometry>
      <material name="random">
        <color rgba="0.800000 0.800000 0.500000 1"/>
      </material>
    </visual>
    <collision>
      <geometry>
        <mesh filename="package://hubo_ros_visualization/descriptions/huboplus/dae/Body_REP_col.dae"/>
      </geometry>
    </collision>
  </link>
  <link name="Body_RWY">
    <inertial>
      <mass value="0.537738"/>
      <inertia ixx="0.00063457" ixy="4.62486e-07" ixz="6.20682e-06" iyy="0.000563918" iyz="-3.54044e-05" izz="0.000305422"/>
      <origin xyz="-0.00122019 -0.000635233 -0.0238043"/>
    </inertial>
    <visual>
      <geometry>
        <mesh filename="package://hubo_ros_visualization/descriptions/huboplus/dae/Body_RWY_vis.dae"/>
      </geometry>
      <material name="random">
        <color rgba="0.800000 0.800000 0.500000 1"/>
      </material>
    </visual>
    <collision>
      <geometry>
        <mesh filename="package://hubo_ros_visualization/descriptions/huboplus/dae/Body_RWY_col.dae"/>
      </geometry>
    </collision>
  </link>
  <link name="Body_RWP">
    <inertial>
      <mass value="0.164393"/>
      <inertia ixx="9.74327e-05" ixy="5.22155e-07" ixz="-1.17317e-06" iyy="0.000144494" iyz="-9.4927e-06" izz="0.000122681"/>
      <origin xyz="-0.000258199 -0.011442 -0.0461472"/>
    </inertial>
    <visual>
      <geometry>
        <mesh filename="package://hubo_ros_visualization/descriptions/huboplus/dae/Body_RWP_vis.dae"/>
      </geometry>
      <material name="random">
        <color rgba="0.800000 0.800000 0.500000 1"/>
      </material>
    </visual>
    <collision>
      <geometry>
        <mesh filename="package://hubo_ros_visualization/descriptions/huboplus/dae/Body_RWP_col.dae"/>
      </geometry>
    </collision>
  </link>
  <link name="rightThumbProximal">
    <inertial>
      <mass value="0.096"/>
      <inertia ixx="2.304e-06" ixy="0" ixz="0" iyy="8.96e-06" iyz="6.85949e-15" izz="9.216e-06"/>
      <origin xyz="0.024 0 0"/>
    </inertial>
    <visual>
      <geometry>
        <mesh filename="package://hubo_ros_visualization/descriptions/huboplus/dae/rightThumbProximal_vis.dae"/>
      </geometry>
      <material name="random">
        <color rgba="0.800000 0.800000 0.500000 1"/>
      </material>
    </visual>
    <collision>
      <geometry>
        <mesh filename="package://hubo_ros_visualization/descriptions/huboplus/dae/rightThumbProximal_vis.dae"/>
      </geometry>
    </collision>
  </link>
  <link name="rightThumbMedial">
    <inertial>
      <mass value="0.048"/>
      <inertia ixx="1.152e-06" ixy="0" ixz="0" iyy="2.59e-06" iyz="3.42975e-15" izz="2.718e-06"/>
      <origin xyz="0.0165 0 0"/>
    </inertial>
    <visual>
      <geometry>
        <mesh filename="package://hubo_ros_visualization/descriptions/huboplus/dae/rightThumbMedial_vis.dae"/>
      </geometry>
      <material name="random">
        <color rgba="0.800000 0.800000 0.500000 1"/>
      </material>
    </visual>
    <collision>
      <geometry>
        <mesh filename="package://hubo_ros_visualization/descriptions/huboplus/dae/rightThumbMedial_vis.dae"/>
      </geometry>
    </collision>
  </link>
  <link name="rightThumbDistal">
    <inertial>
      <mass value="0.08"/>
      <inertia ixx="1.92e-06" ixy="0" ixz="0" iyy="3.82667e-06" iyz="5.71624e-15" izz="4.04e-06"/>
      <origin xyz="0.015 0 0"/>
    </inertial>
    <visual>
      <geometry>
        <mesh filename="package://hubo_ros_visualization/descriptions/huboplus/dae/rightThumbDistal_vis.dae"/>
      </geometry>
      <material name="random">
        <color rgba="0.800000 0.800000 0.500000 1"/>
      </material>
    </visual>
    <collision>
      <geometry>
        <mesh filename="package://hubo_ros_visualization/descriptions/huboplus/dae/rightThumbDistal_vis.dae"/>
      </geometry>
    </collision>
  </link>
  <link name="rightPinkyProximal">
    <inertial>
      <mass value="0.096"/>
      <inertia ixx="2.304e-06" ixy="0" ixz="0" iyy="8.96e-06" iyz="6.85949e-15" izz="9.216e-06"/>
      <origin xyz="0.024 0 0"/>
    </inertial>
    <visual>
      <geometry>
        <mesh filename="package://hubo_ros_visualization/descriptions/huboplus/dae/rightPinkyProximal_vis.dae"/>
      </geometry>
      <material name="random">
        <color rgba="0.800000 0.800000 0.500000 1"/>
      </material>
    </visual>
    <collision>
      <geometry>
        <mesh filename="package://hubo_ros_visualization/descriptions/huboplus/dae/rightPinkyProximal_vis.dae"/>
      </geometry>
    </collision>
  </link>
  <link name="rightPinkyMedial">
    <inertial>
      <mass value="0.048"/>
      <inertia ixx="1.152e-06" ixy="0" ixz="0" iyy="2.59e-06" iyz="3.42975e-15" izz="2.718e-06"/>
      <origin xyz="0.0165 0 0"/>
    </inertial>
    <visual>
      <geometry>
        <mesh filename="package://hubo_ros_visualization/descriptions/huboplus/dae/rightPinkyMedial_vis.dae"/>
      </geometry>
      <material name="random">
        <color rgba="0.800000 0.800000 0.500000 1"/>
      </material>
    </visual>
    <collision>
      <geometry>
        <mesh filename="package://hubo_ros_visualization/descriptions/huboplus/dae/rightPinkyMedial_vis.dae"/>
      </geometry>
    </collision>
  </link>
  <link name="rightPinkyDistal">
    <inertial>
      <mass value="0.08"/>
      <inertia ixx="1.92e-06" ixy="0" ixz="0" iyy="3.82667e-06" iyz="5.71624e-15" izz="4.04e-06"/>
      <origin xyz="0.015 0 0"/>
    </inertial>
    <visual>
      <geometry>
        <mesh filename="package://hubo_ros_visualization/descriptions/huboplus/dae/rightPinkyDistal_vis.dae"/>
      </geometry>
      <material name="random">
        <color rgba="0.800000 0.800000 0.500000 1"/>
      </material>
    </visual>
    <collision>
      <geometry>
        <mesh filename="package://hubo_ros_visualization/descriptions/huboplus/dae/rightPinkyDistal_vis.dae"/>
      </geometry>
    </collision>
  </link>
  <link name="rightRingProximal">
    <inertial>
      <mass value="0.096"/>
      <inertia ixx="2.304e-06" ixy="0" ixz="0" iyy="8.96e-06" iyz="6.85949e-15" izz="9.216e-06"/>
      <origin xyz="0.024 0 0"/>
    </inertial>
    <visual>
      <geometry>
        <mesh filename="package://hubo_ros_visualization/descriptions/huboplus/dae/rightRingProximal_vis.dae"/>
      </geometry>
      <material name="random">
        <color rgba="0.800000 0.800000 0.500000 1"/>
      </material>
    </visual>
    <collision>
      <geometry>
        <mesh filename="package://hubo_ros_visualization/descriptions/huboplus/dae/rightRingProximal_vis.dae"/>
      </geometry>
    </collision>
  </link>
  <link name="rightRingMedial">
    <inertial>
      <mass value="0.048"/>
      <inertia ixx="1.152e-06" ixy="0" ixz="0" iyy="2.59e-06" iyz="3.42975e-15" izz="2.718e-06"/>
      <origin xyz="0.0165 0 0"/>
    </inertial>
    <visual>
      <geometry>
        <mesh filename="package://hubo_ros_visualization/descriptions/huboplus/dae/rightRingMedial_vis.dae"/>
      </geometry>
      <material name="random">
        <color rgba="0.800000 0.800000 0.500000 1"/>
      </material>
    </visual>
    <collision>
      <geometry>
        <mesh filename="package://hubo_ros_visualization/descriptions/huboplus/dae/rightRingMedial_vis.dae"/>
      </geometry>
    </collision>
  </link>
  <link name="rightRingDistal">
    <inertial>
      <mass value="0.08"/>
      <inertia ixx="1.92e-06" ixy="0" ixz="0" iyy="3.82667e-06" iyz="5.71624e-15" izz="4.04e-06"/>
      <origin xyz="0.015 0 0"/>
    </inertial>
    <visual>
      <geometry>
        <mesh filename="package://hubo_ros_visualization/descriptions/huboplus/dae/rightRingDistal_vis.dae"/>
      </geometry>
      <material name="random">
        <color rgba="0.800000 0.800000 0.500000 1"/>
      </material>
    </visual>
    <collision>
      <geometry>
        <mesh filename="package://hubo_ros_visualization/descriptions/huboplus/dae/rightRingDistal_vis.dae"/>
      </geometry>
    </collision>
  </link>
  <link name="rightMiddleProximal">
    <inertial>
      <mass value="0.096"/>
      <inertia ixx="2.304e-06" ixy="0" ixz="0" iyy="8.96e-06" iyz="6.85949e-15" izz="9.216e-06"/>
      <origin xyz="0.024 0 0"/>
    </inertial>
    <visual>
      <geometry>
        <mesh filename="package://hubo_ros_visualization/descriptions/huboplus/dae/rightMiddleProximal_vis.dae"/>
      </geometry>
      <material name="random">
        <color rgba="0.800000 0.800000 0.500000 1"/>
      </material>
    </visual>
    <collision>
      <geometry>
        <mesh filename="package://hubo_ros_visualization/descriptions/huboplus/dae/rightMiddleProximal_vis.dae"/>
      </geometry>
    </collision>
  </link>
  <link name="rightMiddleMedial">
    <inertial>
      <mass value="0.048"/>
      <inertia ixx="1.152e-06" ixy="0" ixz="0" iyy="2.59e-06" iyz="3.42975e-15" izz="2.718e-06"/>
      <origin xyz="0.0165 0 0"/>
    </inertial>
    <visual>
      <geometry>
        <mesh filename="package://hubo_ros_visualization/descriptions/huboplus/dae/rightMiddleMedial_vis.dae"/>
      </geometry>
      <material name="random">
        <color rgba="0.800000 0.800000 0.500000 1"/>
      </material>
    </visual>
    <collision>
      <geometry>
        <mesh filename="package://hubo_ros_visualization/descriptions/huboplus/dae/rightMiddleMedial_vis.dae"/>
      </geometry>
    </collision>
  </link>
  <link name="rightMiddleDistal">
    <inertial>
      <mass value="0.08"/>
      <inertia ixx="1.92e-06" ixy="0" ixz="0" iyy="3.82667e-06" iyz="5.71624e-15" izz="4.04e-06"/>
      <origin xyz="0.015 0 0"/>
    </inertial>
    <visual>
      <geometry>
        <mesh filename="package://hubo_ros_visualization/descriptions/huboplus/dae/rightMiddleDistal_vis.dae"/>
      </geometry>
      <material name="random">
        <color rgba="0.800000 0.800000 0.500000 1"/>
      </material>
    </visual>
    <collision>
      <geometry>
        <mesh filename="package://hubo_ros_visualization/descriptions/huboplus/dae/rightMiddleDistal_vis.dae"/>
      </geometry>
    </collision>
  </link>
  <link name="rightIndexProximal">
    <inertial>
      <mass value="0.096"/>
      <inertia ixx="2.304e-06" ixy="0" ixz="0" iyy="8.96e-06" iyz="6.85949e-15" izz="9.216e-06"/>
      <origin xyz="0.024 0 0"/>
    </inertial>
    <visual>
      <geometry>
        <mesh filename="package://hubo_ros_visualization/descriptions/huboplus/dae/rightIndexProximal_vis.dae"/>
      </geometry>
      <material name="random">
        <color rgba="0.800000 0.800000 0.500000 1"/>
      </material>
    </visual>
    <collision>
      <geometry>
        <mesh filename="package://hubo_ros_visualization/descriptions/huboplus/dae/rightIndexProximal_vis.dae"/>
      </geometry>
    </collision>
  </link>
  <link name="rightIndexMedial">
    <inertial>
      <mass value="0.048"/>
      <inertia ixx="1.152e-06" ixy="0" ixz="0" iyy="2.59e-06" iyz="3.42975e-15" izz="2.718e-06"/>
      <origin xyz="0.0165 0 0"/>
    </inertial>
    <visual>
      <geometry>
        <mesh filename="package://hubo_ros_visualization/descriptions/huboplus/dae/rightIndexMedial_vis.dae"/>
      </geometry>
      <material name="random">
        <color rgba="0.800000 0.800000 0.500000 1"/>
      </material>
    </visual>
    <collision>
      <geometry>
        <mesh filename="package://hubo_ros_visualization/descriptions/huboplus/dae/rightIndexMedial_vis.dae"/>
      </geometry>
    </collision>
  </link>
  <link name="rightIndexDistal">
    <inertial>
      <mass value="0.08"/>
      <inertia ixx="1.92e-06" ixy="0" ixz="0" iyy="3.82667e-06" iyz="5.71624e-15" izz="4.04e-06"/>
      <origin xyz="0.015 0 0"/>
    </inertial>
    <visual>
      <geometry>
        <mesh filename="package://hubo_ros_visualization/descriptions/huboplus/dae/rightIndexDistal_vis.dae"/>
      </geometry>
      <material name="random">
        <color rgba="0.800000 0.800000 0.500000 1"/>
      </material>
    </visual>
    <collision>
      <geometry>
        <mesh filename="package://hubo_ros_visualization/descriptions/huboplus/dae/rightIndexDistal_vis.dae"/>
      </geometry>
    </collision>
  </link>
  <link name="Body_Hip">
    <inertial>
      <mass value="3.41719"/>
      <inertia ixx="0.0180349" ixy="3.17531e-05" ixz="-0.000513489" iyy="0.00912382" iyz="-6.90617e-05" izz="0.0220514"/>
      <origin xyz="-0.0138504 7.80652e-06 -0.0354613"/>
    </inertial>
    <visual>
      <geometry>
        <mesh filename="package://hubo_ros_visualization/descriptions/huboplus/dae/Body_Hip_vis.dae"/>
      </geometry>
      <material name="random">
        <color rgba="0.800000 0.800000 0.500000 1"/>
      </material>
    </visual>
    <collision>
      <geometry>
        <mesh filename="package://hubo_ros_visualization/descriptions/huboplus/dae/Body_Hip_col.dae"/>
      </geometry>
    </collision>
  </link>
  <link name="Body_LHY">
    <inertial>
      <mass value="0.826125"/>
      <inertia ixx="0.00151818" ixy="2.13586e-06" ixz="0.000434128" iyy="0.00286333" iyz="-1.57525e-07" izz="0.00211437"/>
      <origin xyz="0.0347065 3.748e-05 -0.0726153"/>
    </inertial>
    <visual>
      <geometry>
        <mesh filename="package://hubo_ros_visualization/descriptions/huboplus/dae/Body_LHY_vis.dae"/>
      </geometry>
      <material name="random">
        <color rgba="0.800000 0.800000 0.500000 1"/>
      </material>
    </visual>
    <collision>
      <geometry>
        <mesh filename="package://hubo_ros_visualization/descriptions/huboplus/dae/Body_LHY_col.dae"/>
      </geometry>
    </collision>
  </link>
  <link name="Body_LHR">
    <inertial>
      <mass value="1.93266"/>
      <inertia ixx="0.00403487" ixy="7.9452e-05" ixz="-0.000125343" iyy="0.00332707" iyz="-0.000551964" izz="0.00317173"/>
      <origin xyz="-0.0497479 0.0125311 -0.0156437"/>
    </inertial>
    <visual>
      <geometry>
        <mesh filename="package://hubo_ros_visualization/descriptions/huboplus/dae/Body_LHR_vis.dae"/>
      </geometry>
      <material name="random">
        <color rgba="0.800000 0.800000 0.500000 1"/>
      </material>
    </visual>
    <collision>
      <geometry>
        <mesh filename="package://hubo_ros_visualization/descriptions/huboplus/dae/Body_LHR_col.dae"/>
      </geometry>
    </collision>
  </link>
  <link name="Body_LHP">
    <inertial>
      <mass value="2.8201"/>
      <inertia ixx="0.0295102" ixy="0.000184399" ixz="-0.000370291" iyy="0.0273771" iyz="0.00065658" izz="0.00838035"/>
      <origin xyz="0.0195049 -0.0595775 -0.175202"/>
    </inertial>
    <visual>
      <geometry>
        <mesh filename="package://hubo_ros_visualization/descriptions/huboplus/dae/Body_LHP_vis.dae"/>
      </geometry>
      <material name="random">
        <color rgba="0.800000 0.800000 0.500000 1"/>
      </material>
    </visual>
    <collision>
      <geometry>
        <mesh filename="package://hubo_ros_visualization/descriptions/huboplus/dae/Body_LHP_col.dae"/>
      </geometry>
    </collision>
  </link>
  <link name="Body_LKP">
    <inertial>
      <mass value="1.80912"/>
      <inertia ixx="0.0232156" ixy="0.000251648" ixz="-0.00129343" iyy="0.0208342" iyz="0.00278068" izz="0.0059204"/>
      <origin xyz="0.0128254 -0.00727567 -0.171431"/>
    </inertial>
    <visual>
      <geometry>
        <mesh filename="package://hubo_ros_visualization/descriptions/huboplus/dae/Body_LKP_vis.dae"/>
      </geometry>
      <material name="random">
        <color rgba="0.800000 0.800000 0.500000 1"/>
      </material>
    </visual>
    <collision>
      <geometry>
        <mesh filename="package://hubo_ros_visualization/descriptions/huboplus/dae/Body_LKP_col.dae"/>
      </geometry>
    </collision>
  </link>
  <link name="Body_LAP">
    <inertial>
      <mass value="1.63501"/>
      <inertia ixx="0.00231659" ixy="1.87402e-05" ixz="0.000369899" iyy="0.00330411" iyz="6.38153e-05" izz="0.00279495"/>
      <origin xyz="0.0198702 -0.0459693 0.0115069"/>
    </inertial>
    <visual>
      <geometry>
        <mesh filename="package://hubo_ros_visualization/descriptions/huboplus/dae/Body_LAP_vis.dae"/>
      </geometry>
      <material name="random">
        <color rgba="0.800000 0.800000 0.500000 1"/>
      </material>
    </visual>
    <collision>
      <geometry>
        <mesh filename="package://hubo_ros_visualization/descriptions/huboplus/dae/Body_LAP_col.dae"/>
      </geometry>
    </collision>
  </link>
  <link name="Body_LAR">
    <inertial>
      <mass value="1.20318"/>
      <inertia ixx="0.00295183" ixy="3.23211e-05" ixz="0.000141769" iyy="0.00524792" iyz="5.95404e-05" izz="0.00516817"/>
      <origin xyz="-0.0515094 0.00216398 -0.0693881"/>
    </inertial>
    <visual>
      <geometry>
        <mesh filename="package://hubo_ros_visualization/descriptions/huboplus/dae/Body_LAR_vis.dae"/>
      </geometry>
      <material name="random">
        <color rgba="0.800000 0.800000 0.500000 1"/>
      </material>
    </visual>
    <collision>
      <geometry>
        <mesh filename="package://hubo_ros_visualization/descriptions/huboplus/dae/Body_LAR_col.dae"/>
      </geometry>
    </collision>
  </link>
  <link name="Body_RHY">
    <inertial>
      <mass value="0.826125"/>
      <inertia ixx="0.00151818" ixy="-2.13586e-06" ixz="0.000434128" iyy="0.00286333" iyz="1.57525e-07" izz="0.00211437"/>
      <origin xyz="0.0347065 -3.748e-05 -0.0726153"/>
    </inertial>
    <visual>
      <geometry>
        <mesh filename="package://hubo_ros_visualization/descriptions/huboplus/dae/Body_RHY_vis.dae"/>
      </geometry>
      <material name="random">
        <color rgba="0.800000 0.800000 0.500000 1"/>
      </material>
    </visual>
    <collision>
      <geometry>
        <mesh filename="package://hubo_ros_visualization/descriptions/huboplus/dae/Body_RHY_col.dae"/>
      </geometry>
    </collision>
  </link>
  <link name="Body_RHR">
    <inertial>
      <mass value="1.93266"/>
      <inertia ixx="0.00403487" ixy="-7.9452e-05" ixz="-0.000125343" iyy="0.00332707" iyz="0.000551964" izz="0.00317173"/>
      <origin xyz="-0.0497479 -0.0125311 -0.0156437"/>
    </inertial>
    <visual>
      <geometry>
        <mesh filename="package://hubo_ros_visualization/descriptions/huboplus/dae/Body_RHR_vis.dae"/>
      </geometry>
      <material name="random">
        <color rgba="0.800000 0.800000 0.500000 1"/>
      </material>
    </visual>
    <collision>
      <geometry>
        <mesh filename="package://hubo_ros_visualization/descriptions/huboplus/dae/Body_RHR_col.dae"/>
      </geometry>
    </collision>
  </link>
  <link name="Body_RHP">
    <inertial>
      <mass value="2.8201"/>
      <inertia ixx="0.0295102" ixy="-0.000184399" ixz="-0.000370291" iyy="0.0273771" iyz="-0.00065658" izz="0.00838035"/>
      <origin xyz="0.0195049 0.0595775 -0.175202"/>
    </inertial>
    <visual>
      <geometry>
        <mesh filename="package://hubo_ros_visualization/descriptions/huboplus/dae/Body_RHP_vis.dae"/>
      </geometry>
      <material name="random">
        <color rgba="0.800000 0.800000 0.500000 1"/>
      </material>
    </visual>
    <collision>
      <geometry>
        <mesh filename="package://hubo_ros_visualization/descriptions/huboplus/dae/Body_RHP_col.dae"/>
      </geometry>
    </collision>
  </link>
  <link name="Body_RKP">
    <inertial>
      <mass value="1.80912"/>
      <inertia ixx="0.0232156" ixy="-0.000251648" ixz="-0.00129343" iyy="0.0208342" iyz="-0.00278068" izz="0.0059204"/>
      <origin xyz="0.0128254 0.00727567 -0.171431"/>
    </inertial>
    <visual>
      <geometry>
        <mesh filename="package://hubo_ros_visualization/descriptions/huboplus/dae/Body_RKP_vis.dae"/>
      </geometry>
      <material name="random">
        <color rgba="0.800000 0.800000 0.500000 1"/>
      </material>
    </visual>
    <collision>
      <geometry>
        <mesh filename="package://hubo_ros_visualization/descriptions/huboplus/dae/Body_RKP_col.dae"/>
      </geometry>
    </collision>
  </link>
  <link name="Body_RAP">
    <inertial>
      <mass value="1.63501"/>
      <inertia ixx="0.00231659" ixy="-1.87402e-05" ixz="0.000369899" iyy="0.00330411" iyz="-6.38153e-05" izz="0.00279495"/>
      <origin xyz="0.0198702 0.0459693 0.0115069"/>
    </inertial>
    <visual>
      <geometry>
        <mesh filename="package://hubo_ros_visualization/descriptions/huboplus/dae/Body_RAP_vis.dae"/>
      </geometry>
      <material name="random">
        <color rgba="0.800000 0.800000 0.500000 1"/>
      </material>
    </visual>
    <collision>
      <geometry>
        <mesh filename="package://hubo_ros_visualization/descriptions/huboplus/dae/Body_RAP_col.dae"/>
      </geometry>
    </collision>
  </link>
  <link name="Body_RAR">
    <inertial>
      <mass value="1.20318"/>
      <inertia ixx="0.00295183" ixy="-3.23211e-05" ixz="0.000141769" iyy="0.00524792" iyz="-5.95404e-05" izz="0.00516817"/>
      <origin xyz="-0.0515094 -0.00216398 -0.0693881"/>
    </inertial>
    <visual>
      <geometry>
        <mesh filename="package://hubo_ros_visualization/descriptions/huboplus/dae/Body_RAR_vis.dae"/>
      </geometry>
      <material name="random">
        <color rgba="0.800000 0.800000 0.500000 1"/>
      </material>
    </visual>
    <collision>
      <geometry>
        <mesh filename="package://hubo_ros_visualization/descriptions/huboplus/dae/Body_RAR_col.dae"/>
      </geometry>
    </collision>
  </link>
  <joint name="HNR" type="revolute">
    <origin rpy="0 -0 0" xyz="0.0122581 0.0024526 0.196935"/>
    <parent link="Body_Torso"/>
    <child link="Body_HNR"/>
    <axis xyz="1 0 0"/>
    <limit effort="10.0" lower="-0.523599" upper="0.523599" velocity="1.0"/>
  </joint>
  <joint name="HNP" type="revolute">
    <origin rpy="0 -0 0" xyz="0 0 0"/>
    <parent link="Body_HNR"/>
    <child link="Body_HNP"/>
    <axis xyz="0 1 0"/>
    <limit effort="10.0" lower="-0.523599" upper="0.523599" velocity="1.0"/>
  </joint>
  <joint name="LSP" type="revolute">
    <origin rpy="0 -0 0" xyz="0.0122581 0.143973 0.0486356"/>
    <parent link="Body_Torso"/>
    <child link="Body_LSP"/>
    <axis xyz="0 1 0"/>
    <limit effort="10.0" lower="-3.14158" upper="3.14158" velocity="1.0"/>
  </joint>
  <joint name="LSR" type="revolute">
    <origin rpy=".37 -0 0" xyz="0.0269 0.072 0"/>
    <parent link="Body_LSP"/>
    <child link="Body_LSR"/>
    <axis xyz="1 0 0"/>
    <limit effort="10.0" lower="-1.5708" upper="1.5708" velocity="1.0"/>
  </joint>
  <joint name="LSY" type="revolute">
    <origin rpy="0 -0 0" xyz="-0.0269 -0.000166249 -0.0245"/>
    <parent link="Body_LSR"/>
    <child link="Body_LSY"/>
    <axis xyz="0 0 1"/>
    <limit effort="10.0" lower="-3.14158" upper="3.14158" velocity="1.0"/>
  </joint>
  <joint name="LEP" type="revolute">
    <origin rpy="0 -0 0" xyz="0.0219936 -0.018 -0.157505"/>
    <parent link="Body_LSY"/>
    <child link="Body_LEP"/>
    <axis xyz="0 1 0"/>
    <limit effort="10.0" lower="-2.49582" upper="0.0698132" velocity="1.0"/>
  </joint>
  <joint name="LWY" type="revolute">
    <origin rpy="0 -0 0" xyz="-0.0219906 0.018 -0.111408"/>
    <parent link="Body_LEP"/>
    <child link="Body_LWY"/>
    <axis xyz="0 0 1"/>
    <limit effort="10.0" lower="-3.14158" upper="3.14158" velocity="1.0"/>
  </joint>
  <joint name="LWP" type="revolute">
    <origin rpy="0 -0 0" xyz="1.72973e-06 -0.00872953 -0.05255"/>
    <parent link="Body_LWY"/>
    <child link="Body_LWP"/>
    <axis xyz="0 1 0"/>
    <limit effort="10.0" lower="-1.64061" upper="1.01229" velocity="1.0"/>
  </joint>
  <joint name="leftThumbKnuckle1" type="revolute">
    <origin rpy="1.5708 -0.785398 -1.5708" xyz="0.0208959 0.00192069 -0.060952"/>
    <parent link="Body_LWP"/>
    <child link="leftThumbProximal"/>
    <axis xyz="0 0 1"/>
    <limit effort="10.0" lower="-3.14" upper="3.14" velocity="1.0"/>
  </joint>
  <joint name="Knuckle29" type="revolute">
    <origin rpy="0 -0 0" xyz="0.032 0 0"/>
    <parent link="leftThumbProximal"/>
    <child link="leftThumbMedial"/>
    <axis xyz="0 0 -1"/>
    <limit effort="10.0" lower="-3.14" upper="3.14" velocity="1.0"/>
  </joint>
  <joint name="Knuckle310" type="revolute">
    <origin rpy="0 -0 0" xyz="0.022 0 0"/>
    <parent link="leftThumbMedial"/>
    <child link="leftThumbDistal"/>
    <axis xyz="0 0 -1"/>
    <limit effort="10.0" lower="-3.14" upper="3.14" velocity="1.0"/>
  </joint>
  <joint name="leftPinkyKnuckle1" type="revolute">
    <origin rpy="1.5708 0.785398 1.5708" xyz="-0.0281041 0.0298617 -0.088883"/>
    <parent link="Body_LWP"/>
    <child link="leftPinkyProximal"/>
    <axis xyz="0 0 1"/>
    <limit effort="10.0" lower="-3.14" upper="3.14" velocity="1.0"/>
  </joint>
  <joint name="Knuckle212" type="revolute">
    <origin rpy="0 -0 0" xyz="0.032 0 0"/>
    <parent link="leftPinkyProximal"/>
    <child link="leftPinkyMedial"/>
    <axis xyz="0 0 -1"/>
    <limit effort="10.0" lower="-3.14" upper="3.14" velocity="1.0"/>
  </joint>
  <joint name="Knuckle313" type="revolute">
    <origin rpy="0 -0 0" xyz="0.022 0 0"/>
    <parent link="leftPinkyMedial"/>
    <child link="leftPinkyDistal"/>
    <axis xyz="0 0 -1"/>
    <limit effort="10.0" lower="-3.14" upper="3.14" velocity="1.0"/>
  </joint>
  <joint name="leftRingKnuckle1" type="revolute">
    <origin rpy="1.5708 0.785398 1.5708" xyz="-0.00910415 0.0298617 -0.088883"/>
    <parent link="Body_LWP"/>
    <child link="leftRingProximal"/>
    <axis xyz="0 0 1"/>
    <limit effort="10.0" lower="-3.14" upper="3.14" velocity="1.0"/>
  </joint>
  <joint name="Knuckle215" type="revolute">
    <origin rpy="0 -0 0" xyz="0.032 0 0"/>
    <parent link="leftRingProximal"/>
    <child link="leftRingMedial"/>
    <axis xyz="0 0 -1"/>
    <limit effort="10.0" lower="-3.14" upper="3.14" velocity="1.0"/>
  </joint>
  <joint name="Knuckle316" type="revolute">
    <origin rpy="0 -0 0" xyz="0.022 0 0"/>
    <parent link="leftRingMedial"/>
    <child link="leftRingDistal"/>
    <axis xyz="0 0 -1"/>
    <limit effort="10.0" lower="-3.14" upper="3.14" velocity="1.0"/>
  </joint>
  <joint name="leftMiddleKnuckle1" type="revolute">
    <origin rpy="1.5708 0.785398 1.5708" xyz="0.00993585 0.0298617 -0.088883"/>
    <parent link="Body_LWP"/>
    <child link="leftMiddleProximal"/>
    <axis xyz="0 0 1"/>
    <limit effort="10.0" lower="-3.14" upper="3.14" velocity="1.0"/>
  </joint>
  <joint name="Knuckle218" type="revolute">
    <origin rpy="0 -0 0" xyz="0.032 0 0"/>
    <parent link="leftMiddleProximal"/>
    <child link="leftMiddleMedial"/>
    <axis xyz="0 0 -1"/>
    <limit effort="10.0" lower="-3.14" upper="3.14" velocity="1.0"/>
  </joint>
  <joint name="Knuckle319" type="revolute">
    <origin rpy="0 -0 0" xyz="0.022 0 0"/>
    <parent link="leftMiddleMedial"/>
    <child link="leftMiddleDistal"/>
    <axis xyz="0 0 -1"/>
    <limit effort="10.0" lower="-3.14" upper="3.14" velocity="1.0"/>
  </joint>
  <joint name="leftIndexKnuckle1" type="revolute">
    <origin rpy="1.5708 0.785398 1.5708" xyz="0.0289159 0.0298617 -0.088883"/>
    <parent link="Body_LWP"/>
    <child link="leftIndexProximal"/>
    <axis xyz="0 0 1"/>
    <limit effort="10.0" lower="-3.14" upper="3.14" velocity="1.0"/>
  </joint>
  <joint name="Knuckle221" type="revolute">
    <origin rpy="0 -0 0" xyz="0.032 0 0"/>
    <parent link="leftIndexProximal"/>
    <child link="leftIndexMedial"/>
    <axis xyz="0 0 -1"/>
    <limit effort="10.0" lower="-3.14" upper="3.14" velocity="1.0"/>
  </joint>
  <joint name="Knuckle322" type="revolute">
    <origin rpy="0 -0 0" xyz="0.022 0 0"/>
    <parent link="leftIndexMedial"/>
    <child link="leftIndexDistal"/>
    <axis xyz="0 0 -1"/>
    <limit effort="10.0" lower="-3.14" upper="3.14" velocity="1.0"/>
  </joint>
  <joint name="RSP" type="revolute">
    <origin rpy="0 -0 0" xyz="0.0122581 -0.139027 0.0486356"/>
    <parent link="Body_Torso"/>
    <child link="Body_RSP"/>
    <axis xyz="0 1 0"/>
    <limit effort="10.0" lower="-3.14158" upper="3.14158" velocity="1.0"/>
  </joint>
  <joint name="RSR" type="revolute">
    <origin rpy="-.37 -0 0" xyz="0.0269 -0.072 0"/>
    <parent link="Body_RSP"/>
    <child link="Body_RSR"/>
    <axis xyz="1 0 0"/>
    <limit effort="10.0" lower="-1.5708" upper="1.5708" velocity="1.0"/>
  </joint>
  <joint name="RSY" type="revolute">
    <origin rpy="0 -0 0" xyz="-0.0269 0 -0.0245"/>
    <parent link="Body_RSR"/>
    <child link="Body_RSY"/>
    <axis xyz="0 0 1"/>
    <limit effort="10.0" lower="-3.14158" upper="3.14158" velocity="1.0"/>
  </joint>
  <joint name="REP" type="revolute">
    <origin rpy="0 -0 0" xyz="0.0219936 0.018 -0.157505"/>
    <parent link="Body_RSY"/>
    <child link="Body_REP"/>
    <axis xyz="0 1 0"/>
    <limit effort="10.0" lower="-2.49582" upper="0.0698132" velocity="1.0"/>
  </joint>
  <joint name="RWY" type="revolute">
    <origin rpy="0 -0 0" xyz="-0.0219906 -0.018 -0.111408"/>
    <parent link="Body_REP"/>
    <child link="Body_RWY"/>
    <axis xyz="0 0 1"/>
    <limit effort="10.0" lower="-3.14158" upper="3.14158" velocity="1.0"/>
  </joint>
  <joint name="RWP" type="revolute">
    <origin rpy="0 -0 0" xyz="1.72973e-06 0.01 -0.05255"/>
    <parent link="Body_RWY"/>
    <child link="Body_RWP"/>
    <axis xyz="0 1 0"/>
    <limit effort="10.0" lower="-1.64061" upper="1.01229" velocity="1.0"/>
  </joint>
  <joint name="rightThumbKnuckle1" type="revolute">
    <origin rpy="1.5708 -0.785398 1.5708" xyz="0.0208959 -0.00192069 -0.060952"/>
    <parent link="Body_RWP"/>
    <child link="rightThumbProximal"/>
    <axis xyz="0 0 1"/>
    <limit effort="10.0" lower="-3.14" upper="3.14" velocity="1.0"/>
  </joint>
  <joint name="Knuckle230" type="revolute">
    <origin rpy="0 -0 0" xyz="0.032 0 0"/>
    <parent link="rightThumbProximal"/>
    <child link="rightThumbMedial"/>
    <axis xyz="0 0 -1"/>
    <limit effort="10.0" lower="-3.14" upper="3.14" velocity="1.0"/>
  </joint>
  <joint name="Knuckle331" type="revolute">
    <origin rpy="0 -0 0" xyz="0.022 0 0"/>
    <parent link="rightThumbMedial"/>
    <child link="rightThumbDistal"/>
    <axis xyz="0 0 -1"/>
    <limit effort="10.0" lower="-3.14" upper="3.14" velocity="1.0"/>
  </joint>
  <joint name="rightPinkyKnuckle1" type="revolute">
    <origin rpy="1.5708 0.785398 -1.5708" xyz="-0.0281041 -0.0298617 -0.088883"/>
    <parent link="Body_RWP"/>
    <child link="rightPinkyProximal"/>
    <axis xyz="0 0 1"/>
    <limit effort="10.0" lower="-3.14" upper="3.14" velocity="1.0"/>
  </joint>
  <joint name="Knuckle233" type="revolute">
    <origin rpy="0 -0 0" xyz="0.032 0 0"/>
    <parent link="rightPinkyProximal"/>
    <child link="rightPinkyMedial"/>
    <axis xyz="0 0 -1"/>
    <limit effort="10.0" lower="-3.14" upper="3.14" velocity="1.0"/>
  </joint>
  <joint name="Knuckle334" type="revolute">
    <origin rpy="0 -0 0" xyz="0.022 0 0"/>
    <parent link="rightPinkyMedial"/>
    <child link="rightPinkyDistal"/>
    <axis xyz="0 0 -1"/>
    <limit effort="10.0" lower="-3.14" upper="3.14" velocity="1.0"/>
  </joint>
  <joint name="rightRingKnuckle1" type="revolute">
    <origin rpy="1.5708 0.785398 -1.5708" xyz="-0.00910415 -0.0298617 -0.088883"/>
    <parent link="Body_RWP"/>
    <child link="rightRingProximal"/>
    <axis xyz="0 0 1"/>
    <limit effort="10.0" lower="-3.14" upper="3.14" velocity="1.0"/>
  </joint>
  <joint name="Knuckle236" type="revolute">
    <origin rpy="0 -0 0" xyz="0.032 0 0"/>
    <parent link="rightRingProximal"/>
    <child link="rightRingMedial"/>
    <axis xyz="0 0 -1"/>
    <limit effort="10.0" lower="-3.14" upper="3.14" velocity="1.0"/>
  </joint>
  <joint name="Knuckle337" type="revolute">
    <origin rpy="0 -0 0" xyz="0.022 0 0"/>
    <parent link="rightRingMedial"/>
    <child link="rightRingDistal"/>
    <axis xyz="0 0 -1"/>
    <limit effort="10.0" lower="-3.14" upper="3.14" velocity="1.0"/>
  </joint>
  <joint name="rightMiddleKnuckle1" type="revolute">
    <origin rpy="1.5708 0.785398 -1.5708" xyz="0.00993585 -0.0298617 -0.088883"/>
    <parent link="Body_RWP"/>
    <child link="rightMiddleProximal"/>
    <axis xyz="0 0 1"/>
    <limit effort="10.0" lower="-3.14" upper="3.14" velocity="1.0"/>
  </joint>
  <joint name="Knuckle239" type="revolute">
    <origin rpy="0 -0 0" xyz="0.032 0 0"/>
    <parent link="rightMiddleProximal"/>
    <child link="rightMiddleMedial"/>
    <axis xyz="0 0 -1"/>
    <limit effort="10.0" lower="-3.14" upper="3.14" velocity="1.0"/>
  </joint>
  <joint name="Knuckle340" type="revolute">
    <origin rpy="0 -0 0" xyz="0.022 0 0"/>
    <parent link="rightMiddleMedial"/>
    <child link="rightMiddleDistal"/>
    <axis xyz="0 0 -1"/>
    <limit effort="10.0" lower="-3.14" upper="3.14" velocity="1.0"/>
  </joint>
  <joint name="rightIndexKnuckle1" type="revolute">
    <origin rpy="1.5708 0.785398 -1.5708" xyz="0.0289159 -0.0298617 -0.088883"/>
    <parent link="Body_RWP"/>
    <child link="rightIndexProximal"/>
    <axis xyz="0 0 1"/>
    <limit effort="10.0" lower="-3.14" upper="3.14" velocity="1.0"/>
  </joint>
  <joint name="Knuckle2" type="revolute">
    <origin rpy="0 -0 0" xyz="0.032 0 0"/>
    <parent link="rightIndexProximal"/>
    <child link="rightIndexMedial"/>
    <axis xyz="0 0 -1"/>
    <limit effort="10.0" lower="-3.14" upper="3.14" velocity="1.0"/>
  </joint>
  <joint name="Knuckle3" type="revolute">
    <origin rpy="0 -0 0" xyz="0.022 0 0"/>
    <parent link="rightIndexMedial"/>
    <child link="rightIndexDistal"/>
    <axis xyz="0 0 -1"/>
    <limit effort="10.0" lower="-3.14" upper="3.14" velocity="1.0"/>
  </joint>
  <joint name="HPY" type="revolute">
    <origin rpy="0 -0 0" xyz="0.0122662 0.00245974 -0.15262"/>
    <parent link="Body_Torso"/>
    <child link="Body_Hip"/>
    <axis xyz="0 0 1"/>
    <limit effort="10.0" lower="-3.14158" upper="3.14158" velocity="1.0"/>
  </joint>
  <joint name="LHY" type="revolute">
    <origin rpy="0 -0 0" xyz="0.000125136 0.0885155 -0.0764689"/>
    <parent link="Body_Hip"/>
    <child link="Body_LHY"/>
    <axis xyz="0 0 1"/>
    <limit effort="10.0" lower="-1.5708" upper="1.5708" velocity="1.0"/>
  </joint>
  <joint name="LHR" type="revolute">
    <origin rpy="0 -0 0" xyz="0.0520001 1.50498e-06 -0.091004"/>
    <parent link="Body_LHY"/>
    <child link="Body_LHR"/>
    <axis xyz="1 0 0"/>
    <limit effort="10.0" lower="-0.488692" upper="0.488692" velocity="1.0"/>
  </joint>
  <joint name="LHP" type="revolute">
    <origin rpy="0 -0 0" xyz="-0.0529074 0.0655748 9.99159e-05"/>
    <parent link="Body_LHR"/>
    <child link="Body_LHP"/>
    <axis xyz="0 1 0"/>
    <limit effort="10.0" lower="-1.48353" upper="1.6057" velocity="1.0"/>
  </joint>
  <joint name="LKP" type="revolute">
    <origin rpy="0 -0 0" xyz="0.000766364 -0.0445011 -0.280007"/>
    <parent link="Body_LHP"/>
    <child link="Body_LKP"/>
    <axis xyz="0 1 0"/>
    <limit effort="10.0" lower="-0.0698132" upper="2.60054" velocity="1.0"/>
  </joint>
  <joint name="LAP" type="revolute">
    <origin rpy="0 -0 0" xyz="7.20248e-06 0.0247555 -0.279942"/>
    <parent link="Body_LKP"/>
    <child link="Body_LAP"/>
    <axis xyz="0 1 0"/>
    <limit effort="10.0" lower="-1.29154" upper="1.69297" velocity="1.0"/>
  </joint>
  <joint name="LAR" type="revolute">
    <origin rpy="0 -0 0" xyz="0.0711787 -0.0466006 -1.04e-10"/>
    <parent link="Body_LAP"/>
    <child link="Body_LAR"/>
    <axis xyz="1 0 0"/>
    <limit effort="10.0" lower="-0.191986" upper="0.191986" velocity="1.0"/>
  </joint>
  <joint name="RHY" type="revolute">
    <origin rpy="0 -0 0" xyz="0.000125136 -0.0884999 -0.0764689"/>
    <parent link="Body_Hip"/>
    <child link="Body_RHY"/>
    <axis xyz="0 0 1"/>
    <limit effort="10.0" lower="-1.5708" upper="1.5708" velocity="1.0"/>
  </joint>
  <joint name="RHR" type="revolute">
    <origin rpy="0 -0 0" xyz="0.0520001 7.3455e-05 -0.091004"/>
    <parent link="Body_RHY"/>
    <child link="Body_RHR"/>
    <axis xyz="1 0 0"/>
    <limit effort="10.0" lower="-0.488692" upper="0.488692" velocity="1.0"/>
  </joint>
  <joint name="RHP" type="revolute">
    <origin rpy="0 -0 0" xyz="-0.0529074 -0.0655748 9.99159e-05"/>
    <parent link="Body_RHR"/>
    <child link="Body_RHP"/>
    <axis xyz="0 1 0"/>
    <limit effort="10.0" lower="-1.48353" upper="1.6057" velocity="1.0"/>
  </joint>
  <joint name="RKP" type="revolute">
    <origin rpy="0 -0 0" xyz="0.000766364 0.0445011 -0.280007"/>
    <parent link="Body_RHP"/>
    <child link="Body_RKP"/>
    <axis xyz="0 1 0"/>
    <limit effort="10.0" lower="-0.0698132" upper="2.60054" velocity="1.0"/>
  </joint>
  <joint name="RAP" type="revolute">
    <origin rpy="0 -0 0" xyz="7.20248e-06 -0.0247555 -0.279942"/>
    <parent link="Body_RKP"/>
    <child link="Body_RAP"/>
    <axis xyz="0 1 0"/>
    <limit effort="10.0" lower="-1.29154" upper="1.69297" velocity="1.0"/>
  </joint>
  <joint name="RAR" type="revolute">
    <origin rpy="0 -0 0" xyz="0.0711787 0.0466006 -1.04e-10"/>
    <parent link="Body_RAP"/>
    <child link="Body_RAR"/>
    <axis xyz="1 0 0"/>
    <limit effort="10.0" lower="-0.191986" upper="0.191986" velocity="1.0"/>
  </joint>
</robot>

